[
  {
    "domain": "openai.com",
    "status": "Pending",
    "ssl_expiration": "N/A",
    "ssl_issuer": "N/A"
  },
  {
    "domain": "wikipedia.org",
    "status": "Pending",
    "ssl_expiration": "N/A",
    "ssl_issuer": "N/A"
  },
  {
    "domain": "github.com",
    "status": "Pending",
    "ssl_expiration": "N/A",
    "ssl_issuer": "N/A"
  },
  {
    "domain": "stackoverflow.com",
    "status": "Pending",
    "ssl_expiration": "N/A",
    "ssl_issuer": "N/A"
  },
  {
    "domain": "python.org",
    "status": "Pending",
    "ssl_expiration": "N/A",
    "ssl_issuer": "N/A"
  },
  {
    "domain": "mozilla.org",
    "status": "Pending",
    "ssl_expiration": "N/A",
    "ssl_issuer": "N/A"
  },
  {
    "domain": "reddit.com",
    "status": "Pending",
    "ssl_expiration": "N/A",
    "ssl_issuer": "N/A"
  },
  {
    "domain": "nytimes.com",
    "status": "Pending",
    "ssl_expiration": "N/A",
    "ssl_issuer": "N/A"
  },
  {
    "domain": "espn.com",
    "status": "Pending",
    "ssl_expiration": "N/A",
    "ssl_issuer": "N/A"
  },
  {
    "domain": "bbc.co.uk",
    "status": "Pending",
    "ssl_expiration": "N/A",
    "ssl_issuer": "N/A"
  },
  {
    "domain": "cloudflare.com",
    "status": "Pending",
    "ssl_expiration": "N/A",
    "ssl_issuer": "N/A"
  },
  {
    "domain": "digitalocean.com",
    "status": "Pending",
    "ssl_expiration": "N/A",
    "ssl_issuer": "N/A"
  },
  {
    "domain": "microsoft.com",
    "status": "Pending",
    "ssl_expiration": "N/A",
    "ssl_issuer": "N/A"
  },
  {
    "domain": "apple.com",
    "status": "Pending",
    "ssl_expiration": "N/A",
    "ssl_issuer": "N/A"
  },
  {
    "domain": "netflix.com",
    "status": "Pending",
    "ssl_expiration": "N/A",
    "ssl_issuer": "N/A"
  },
  {
    "domain": "hackernews.com",
    "status": "Pending",
    "ssl_expiration": "N/A",
    "ssl_issuer": "N/A"
  },
  {
    "domain": "coursera.org",
    "status": "Pending",
    "ssl_expiration": "N/A",
    "ssl_issuer": "N/A"
  },
  {
    "domain": "udemy.com",
    "status": "Pending",
    "ssl_expiration": "N/A",
    "ssl_issuer": "N/A"
  }
]