[
  {
    "domain": "www.google.com",
    "status": "Live",
    "ssl_expiration": "2026-01-05",
    "ssl_issuer": "Google Trust Services"
  },
  {
    "domain": "www.instagram.com",
    "status": "Live",
    "ssl_expiration": "2025-11-14",
    "ssl_issuer": "DigiCert Inc"
  },
  {
    "domain": "www.n12.co.il",
    "status": "Live",
    "ssl_expiration": "2026-04-08",
    "ssl_issuer": "DigiCert Inc"
  },
  {
    "domain": "www.x.com",
    "status": "Live",
    "ssl_expiration": "2026-01-11",
    "ssl_issuer": "Let's Encrypt"
  },
  {
    "domain": "www.youtube.com",
    "status": "Live",
    "ssl_expiration": "N/A",
    "ssl_issuer": "N/A"
  }
]