[
  {
    "domain": "cloudflare.com",
    "status": "Live",
    "ssl_expiration": "2025-12-09",
    "ssl_issuer": "Google Trust Services"
  },
  {
    "domain": "example.com",
    "status": "Live",
    "ssl_expiration": "2026-01-15",
    "ssl_issuer": "DigiCert Inc"
  },
  {
    "domain": "example.org",
    "status": "Live",
    "ssl_expiration": "2026-01-15",
    "ssl_issuer": "DigiCert Inc"
  },
  {
    "domain": "expired.badssl.com",
    "status": "Live",
    "ssl_expiration": "N/A",
    "ssl_issuer": "N/A"
  },
  {
    "domain": "github.com",
    "status": "Live",
    "ssl_expiration": "2026-02-05",
    "ssl_issuer": "Sectigo Limited"
  },
  {
    "domain": "google.com",
    "status": "Live",
    "ssl_expiration": "2025-12-24",
    "ssl_issuer": "Google Trust Services"
  },
  {
    "domain": "httpstat.us",
    "status": "Live",
    "ssl_expiration": "2025-12-09",
    "ssl_issuer": "Let's Encrypt"
  },
  {
    "domain": "neverssl.com",
    "status": "Live",
    "ssl_expiration": "2026-08-07",
    "ssl_issuer": "Amazon"
  },
  {
    "domain": "python.org",
    "status": "Live",
    "ssl_expiration": "2026-04-13",
    "ssl_issuer": "GlobalSign nv-sa"
  },
  {
    "domain": "wikipedia.org",
    "status": "Live",
    "ssl_expiration": "2026-01-07",
    "ssl_issuer": "Let's Encrypt"
  },
  {
    "domain": "www.youtube.com",
    "status": "Live",
    "ssl_expiration": "2025-12-24",
    "ssl_issuer": "Google Trust Services"
  }
]