[
  {
    "domain": "youtube.com",
    "status": "Live",
    "ssl_expiration": "2025-12-15",
    "ssl_issuer": "Google Trust Services"
  },
  {
    "domain": "paypal.com",
    "status": "Live",
    "ssl_expiration": "2026-07-07",
    "ssl_issuer": "DigiCert Inc"
  },
  {
    "domain": "facebook.com",
    "status": "Down",
    "ssl_expiration": "N/A",
    "ssl_issuer": "N/A"
  },
  {
    "domain": "twitter.com",
    "status": "Live",
    "ssl_expiration": "2025-11-17",
    "ssl_issuer": "Let's Encrypt"
  },
  {
    "domain": "google.com",
    "status": "Live",
    "ssl_expiration": "2025-12-15",
    "ssl_issuer": "Google Trust Services"
  },
  {
    "domain": "instagram.com",
    "status": "Down",
    "ssl_expiration": "N/A",
    "ssl_issuer": "N/A"
  },
  {
    "domain": "apple.com",
    "status": "Live",
    "ssl_expiration": "2025-12-17",
    "ssl_issuer": "Apple Inc."
  },
  {
    "domain": "github.com",
    "status": "Live",
    "ssl_expiration": "2026-02-05",
    "ssl_issuer": "Sectigo Limited"
  },
  {
    "domain": "reddit.com",
    "status": "Live",
    "ssl_expiration": "2026-01-07",
    "ssl_issuer": "DigiCert Inc"
  },
  {
    "domain": "microsoft.com",
    "status": "Live",
    "ssl_expiration": "2026-03-30",
    "ssl_issuer": "Microsoft Corporation"
  },
  {
    "domain": "vimeo.com",
    "status": "Live",
    "ssl_expiration": "2025-12-13",
    "ssl_issuer": "Google Trust Services"
  },
  {
    "domain": "stackexchange.com",
    "status": "Live",
    "ssl_expiration": "2025-11-25",
    "ssl_issuer": "Let's Encrypt"
  },
  {
    "domain": "spotify.com",
    "status": "Live",
    "ssl_expiration": "2026-01-06",
    "ssl_issuer": "DigiCert Inc"
  },
  {
    "domain": "ebay.com",
    "status": "Live",
    "ssl_expiration": "2026-07-28",
    "ssl_issuer": "Sectigo Limited"
  },
  {
    "domain": "stackoverflow.com",
    "status": "Live",
    "ssl_expiration": "2025-11-24",
    "ssl_issuer": "Let's Encrypt"
  },
  {
    "domain": "amazon.com",
    "status": "Live",
    "ssl_expiration": "2026-06-19",
    "ssl_issuer": "DigiCert Inc"
  },
  {
    "domain": "soundcloud.com",
    "status": "Live",
    "ssl_expiration": "2026-03-16",
    "ssl_issuer": "GlobalSign nv-sa"
  },
  {
    "domain": "pinterest.com",
    "status": "Live",
    "ssl_expiration": "2026-08-23",
    "ssl_issuer": "DigiCert Inc"
  },
  {
    "domain": "linkedin.com",
    "status": "Live",
    "ssl_expiration": "N/A",
    "ssl_issuer": "N/A"
  },
  {
    "domain": "netflix.com",
    "status": "Live",
    "ssl_expiration": "2026-09-04",
    "ssl_issuer": "DigiCert Inc"
  },
  {
    "domain": "imdb.com",
    "status": "Live",
    "ssl_expiration": "2026-06-17",
    "ssl_issuer": "Amazon"
  },
  {
    "domain": "twitch.tv",
    "status": "Live",
    "ssl_expiration": "2026-06-08",
    "ssl_issuer": "GlobalSign nv-sa"
  },
  {
    "domain": "wikimedia.org",
    "status": "Live",
    "ssl_expiration": "2025-11-08",
    "ssl_issuer": "Let's Encrypt"
  },
  {
    "domain": "wikipedia.org",
    "status": "Live",
    "ssl_expiration": "2025-11-08",
    "ssl_issuer": "Let's Encrypt"
  },
  {
    "domain": "tumblr.com",
    "status": "Live",
    "ssl_expiration": "2026-03-26",
    "ssl_issuer": "Sectigo Limited"
  },
  {
    "domain": "medium.com",
    "status": "Live",
    "ssl_expiration": "2025-12-15",
    "ssl_issuer": "Google Trust Services"
  },
  {
    "domain": "wordpress.com",
    "status": "Live",
    "ssl_expiration": "2025-12-08",
    "ssl_issuer": "Let's Encrypt"
  },
  {
    "domain": "hulu.com",
    "status": "Live",
    "ssl_expiration": "2026-01-02",
    "ssl_issuer": "COMODO CA Limited"
  },
  {
    "domain": "blogger.com",
    "status": "Live",
    "ssl_expiration": "2025-12-15",
    "ssl_issuer": "Google Trust Services"
  },
  {
    "domain": "box.com",
    "status": "Live",
    "ssl_expiration": "2026-03-20",
    "ssl_issuer": "DigiCert Inc"
  },
  {
    "domain": "slack.com",
    "status": "Live",
    "ssl_expiration": "2025-12-29",
    "ssl_issuer": "Let's Encrypt"
  },
  {
    "domain": "cloudflare.com",
    "status": "Live",
    "ssl_expiration": "2025-12-09",
    "ssl_issuer": "Google Trust Services"
  },
  {
    "domain": "akamai.com",
    "status": "Live",
    "ssl_expiration": "2026-07-07",
    "ssl_issuer": "DigiCert Inc"
  },
  {
    "domain": "amd.com",
    "status": "Live",
    "ssl_expiration": "2026-01-24",
    "ssl_issuer": "DigiCert Inc"
  },
  {
    "domain": "zoom.us",
    "status": "Live",
    "ssl_expiration": "2026-02-11",
    "ssl_issuer": "DigiCert Inc"
  },
  {
    "domain": "ibm.com",
    "status": "Live",
    "ssl_expiration": "2025-10-18",
    "ssl_issuer": "DigiCert Inc"
  },
  {
    "domain": "dropbox.com",
    "status": "Live",
    "ssl_expiration": "2025-12-08",
    "ssl_issuer": "DigiCert Inc"
  },
  {
    "domain": "intel.com",
    "status": "Live",
    "ssl_expiration": "2025-12-09",
    "ssl_issuer": "Sectigo Limited"
  },
  {
    "domain": "sony.com",
    "status": "Live",
    "ssl_expiration": "2026-03-26",
    "ssl_issuer": "Amazon"
  },
  {
    "domain": "hp.com",
    "status": "Live",
    "ssl_expiration": "2026-06-10",
    "ssl_issuer": "DigiCert Inc"
  },
  {
    "domain": "quora.com",
    "status": "Live",
    "ssl_expiration": "2025-12-26",
    "ssl_issuer": "Google Trust Services"
  },
  {
    "domain": "bose.com",
    "status": "Live",
    "ssl_expiration": "2026-03-25",
    "ssl_issuer": "Amazon"
  },
  {
    "domain": "adobe.com",
    "status": "Live",
    "ssl_expiration": "2026-03-05",
    "ssl_issuer": "DigiCert Inc"
  },
  {
    "domain": "lenovo.com",
    "status": "Live",
    "ssl_expiration": "2025-11-13",
    "ssl_issuer": "DigiCert Inc"
  },
  {
    "domain": "nvidia.com",
    "status": "Live",
    "ssl_expiration": "2026-06-18",
    "ssl_issuer": "Amazon"
  },
  {
    "domain": "squareup.com",
    "status": "Live",
    "ssl_expiration": "2025-12-06",
    "ssl_issuer": "Let's Encrypt"
  },
  {
    "domain": "oracle.com",
    "status": "Live",
    "ssl_expiration": "2026-03-04",
    "ssl_issuer": "DigiCert Inc"
  },
  {
    "domain": "autodesk.com",
    "status": "Live",
    "ssl_expiration": "2026-07-13",
    "ssl_issuer": "Amazon"
  },
  {
    "domain": "dell.com",
    "status": "Live",
    "ssl_expiration": "2026-09-12",
    "ssl_issuer": "DigiCert Inc"
  },
  {
    "domain": "shopify.com",
    "status": "Live",
    "ssl_expiration": "2025-11-19",
    "ssl_issuer": "Google Trust Services"
  },
  {
    "domain": "asus.com",
    "status": "Live",
    "ssl_expiration": "2026-01-17",
    "ssl_issuer": "Sectigo Limited"
  },
  {
    "domain": "stripe.com",
    "status": "Live",
    "ssl_expiration": "2026-01-15",
    "ssl_issuer": "DigiCert Inc"
  },
  {
    "domain": "acer.com",
    "status": "Live",
    "ssl_expiration": "2026-01-08",
    "ssl_issuer": "Amazon"
  },
  {
    "domain": "walmart.com",
    "status": "Live",
    "ssl_expiration": "2026-03-28",
    "ssl_issuer": "GlobalSign nv-sa"
  },
  {
    "domain": "booking.com",
    "status": "Live",
    "ssl_expiration": "2026-01-17",
    "ssl_issuer": "DigiCert Inc"
  },
  {
    "domain": "target.com",
    "status": "Live",
    "ssl_expiration": "2026-10-06",
    "ssl_issuer": "GlobalSign nv-sa"
  },
  {
    "domain": "tripadvisor.com",
    "status": "Live",
    "ssl_expiration": "2026-06-28",
    "ssl_issuer": "GlobalSign nv-sa"
  },
  {
    "domain": "bestbuy.com",
    "status": "Live",
    "ssl_expiration": "2026-04-24",
    "ssl_issuer": "DigiCert Inc"
  },
  {
    "domain": "samsung.com",
    "status": "Live",
    "ssl_expiration": "2026-05-09",
    "ssl_issuer": "Sectigo Limited"
  },
  {
    "domain": "kayak.com",
    "status": "Live",
    "ssl_expiration": "2025-12-02",
    "ssl_issuer": "Let's Encrypt"
  },
  {
    "domain": "nikon.com",
    "status": "Live",
    "ssl_expiration": "2026-05-08",
    "ssl_issuer": "Amazon"
  },
  {
    "domain": "lg.com",
    "status": "Live",
    "ssl_expiration": "2026-02-03",
    "ssl_issuer": "Amazon"
  },
  {
    "domain": "expedia.com",
    "status": "Live",
    "ssl_expiration": "2026-04-06",
    "ssl_issuer": "DigiCert Inc"
  },
  {
    "domain": "alibaba.com",
    "status": "Live",
    "ssl_expiration": "2026-04-12",
    "ssl_issuer": "GlobalSign nv-sa"
  },
  {
    "domain": "uber.com",
    "status": "Live",
    "ssl_expiration": "2026-04-14",
    "ssl_issuer": "DigiCert Inc"
  },
  {
    "domain": "duckduckgo.com",
    "status": "Down",
    "ssl_expiration": "N/A",
    "ssl_issuer": "N/A"
  },
  {
    "domain": "craigslist.org",
    "status": "Live",
    "ssl_expiration": "2026-02-22",
    "ssl_issuer": "DigiCert Inc"
  },
  {
    "domain": "skyscanner.net",
    "status": "Live",
    "ssl_expiration": "2025-11-12",
    "ssl_issuer": "Let's Encrypt"
  },
  {
    "domain": "panasonic.com",
    "status": "Live",
    "ssl_expiration": "2025-11-03",
    "ssl_issuer": "Cybertrust Japan Co., Ltd."
  },
  {
    "domain": "airbnb.com",
    "status": "Live",
    "ssl_expiration": "2026-01-13",
    "ssl_issuer": "DigiCert Inc"
  },
  {
    "domain": "lyft.com",
    "status": "Live",
    "ssl_expiration": "2025-12-24",
    "ssl_issuer": "Amazon"
  },
  {
    "domain": "bing.com",
    "status": "Live",
    "ssl_expiration": "2026-03-08",
    "ssl_issuer": "Microsoft Corporation"
  },
  {
    "domain": "mozilla.org",
    "status": "Live",
    "ssl_expiration": "2025-11-27",
    "ssl_issuer": "Google Trust Services"
  },
  {
    "domain": "aliexpress.com",
    "status": "Live",
    "ssl_expiration": "2026-06-15",
    "ssl_issuer": "GlobalSign nv-sa"
  },
  {
    "domain": "yahoo.com",
    "status": "Live",
    "ssl_expiration": "2026-04-01",
    "ssl_issuer": "DigiCert Inc"
  },
  {
    "domain": "edge.microsoft.com",
    "status": "Live",
    "ssl_expiration": "2026-03-30",
    "ssl_issuer": "Microsoft Corporation"
  },
  {
    "domain": "nytimes.com",
    "status": "Live",
    "ssl_expiration": "2026-03-14",
    "ssl_issuer": "DigiCert Inc"
  },
  {
    "domain": "theguardian.com",
    "status": "Live",
    "ssl_expiration": "2026-11-08",
    "ssl_issuer": "GlobalSign nv-sa"
  },
  {
    "domain": "cnn.com",
    "status": "Live",
    "ssl_expiration": "2026-07-04",
    "ssl_issuer": "GlobalSign nv-sa"
  },
  {
    "domain": "chrome.com",
    "status": "Live",
    "ssl_expiration": "2025-12-15",
    "ssl_issuer": "Google Trust Services"
  },
  {
    "domain": "washingtonpost.com",
    "status": "Live",
    "ssl_expiration": "2026-10-05",
    "ssl_issuer": "Entrust Limited"
  },
  {
    "domain": "bloomberg.com",
    "status": "Live",
    "ssl_expiration": "2026-09-24",
    "ssl_issuer": "DigiCert Inc"
  },
  {
    "domain": "opera.com",
    "status": "Live",
    "ssl_expiration": "2026-01-09",
    "ssl_issuer": "DigiCert Inc"
  },
  {
    "domain": "apnews.com",
    "status": "Live",
    "ssl_expiration": "2025-11-27",
    "ssl_issuer": "Let's Encrypt"
  },
  {
    "domain": "forbes.com",
    "status": "Live",
    "ssl_expiration": "2026-02-08",
    "ssl_issuer": "GlobalSign nv-sa"
  },
  {
    "domain": "economist.com",
    "status": "Live",
    "ssl_expiration": "2025-11-22",
    "ssl_issuer": "Google Trust Services"
  },
  {
    "domain": "time.com",
    "status": "Live",
    "ssl_expiration": "2025-11-07",
    "ssl_issuer": "Certainly"
  },
  {
    "domain": "techcrunch.com",
    "status": "Live",
    "ssl_expiration": "2025-12-15",
    "ssl_issuer": "Let's Encrypt"
  },
  {
    "domain": "www.bbc.co.uk",
    "status": "Live",
    "ssl_expiration": "2026-07-27",
    "ssl_issuer": "GlobalSign nv-sa"
  },
  {
    "domain": "npr.org",
    "status": "Live",
    "ssl_expiration": "2026-03-31",
    "ssl_issuer": "Amazon"
  },
  {
    "domain": "harvard.edu",
    "status": "Live",
    "ssl_expiration": "2025-12-02",
    "ssl_issuer": "Let's Encrypt"
  },
  {
    "domain": "wired.com",
    "status": "Live",
    "ssl_expiration": "2026-03-15",
    "ssl_issuer": "GlobalSign nv-sa"
  },
  {
    "domain": "reuters.com",
    "status": "Live",
    "ssl_expiration": "2026-09-29",
    "ssl_issuer": "COMODO CA Limited"
  },
  {
    "domain": "theverge.com",
    "status": "Live",
    "ssl_expiration": "2026-07-26",
    "ssl_issuer": "GlobalSign nv-sa"
  },
  {
    "domain": "yale.edu",
    "status": "Live",
    "ssl_expiration": "2025-10-28",
    "ssl_issuer": "Certainly"
  },
  {
    "domain": "cam.ac.uk",
    "status": "Live",
    "ssl_expiration": "2025-11-17",
    "ssl_issuer": "Let's Encrypt"
  },
  {
    "domain": "engadget.com",
    "status": "Live",
    "ssl_expiration": "2025-12-31",
    "ssl_issuer": "DigiCert Inc"
  },
  {
    "domain": "umich.edu",
    "status": "Live",
    "ssl_expiration": "2025-12-26",
    "ssl_issuer": "Google Trust Services"
  },
  {
    "domain": "ox.ac.uk",
    "status": "Live",
    "ssl_expiration": "2025-11-26",
    "ssl_issuer": "Let's Encrypt"
  },
  {
    "domain": "berkeley.edu",
    "status": "Live",
    "ssl_expiration": "2025-11-22",
    "ssl_issuer": "Google Trust Services"
  },
  {
    "domain": "columbia.edu",
    "status": "Live",
    "ssl_expiration": "2025-12-17",
    "ssl_issuer": "Google Trust Services"
  },
  {
    "domain": "mit.edu",
    "status": "Live",
    "ssl_expiration": "2026-04-30",
    "ssl_issuer": "DigiCert Inc"
  },
  {
    "domain": "utexas.edu",
    "status": "Live",
    "ssl_expiration": "2026-01-04",
    "ssl_issuer": "Let's Encrypt"
  },
  {
    "domain": "arstechnica.com",
    "status": "Live",
    "ssl_expiration": "2026-08-23",
    "ssl_issuer": "Amazon"
  },
  {
    "domain": "gov.uk",
    "status": "Live",
    "ssl_expiration": "2025-12-17",
    "ssl_issuer": "GlobalSign nv-sa"
  },
  {
    "domain": "uchicago.edu",
    "status": "Live",
    "ssl_expiration": "2025-12-21",
    "ssl_issuer": "Internet2"
  },
  {
    "domain": "europa.eu",
    "status": "Live",
    "ssl_expiration": "2026-08-14",
    "ssl_issuer": "GlobalSign nv-sa"
  },
  {
    "domain": "stanford.edu",
    "status": "Live",
    "ssl_expiration": "2026-04-24",
    "ssl_issuer": "Internet2"
  },
  {
    "domain": "whitehouse.gov",
    "status": "Live",
    "ssl_expiration": "2025-12-24",
    "ssl_issuer": "Let's Encrypt"
  },
  {
    "domain": "princeton.edu",
    "status": "Live",
    "ssl_expiration": "2026-06-07",
    "ssl_issuer": "Internet2"
  },
  {
    "domain": "worldbank.org",
    "status": "Live",
    "ssl_expiration": "2026-01-02",
    "ssl_issuer": "Google Trust Services"
  },
  {
    "domain": "cornell.edu",
    "status": "Live",
    "ssl_expiration": "2026-07-02",
    "ssl_issuer": "Internet2"
  },
  {
    "domain": "australia.gov.au",
    "status": "Live",
    "ssl_expiration": "2026-03-11",
    "ssl_issuer": "GlobalSign nv-sa"
  },
  {
    "domain": "imf.org",
    "status": "Live",
    "ssl_expiration": "2026-06-24",
    "ssl_issuer": "DigiCert Inc"
  },
  {
    "domain": "duke.edu",
    "status": "Live",
    "ssl_expiration": "2026-04-28",
    "ssl_issuer": "Internet2"
  },
  {
    "domain": "bitbucket.org",
    "status": "Live",
    "ssl_expiration": "2026-08-30",
    "ssl_issuer": "DigiCert Inc"
  },
  {
    "domain": "nato.int",
    "status": "Live",
    "ssl_expiration": "2026-02-21",
    "ssl_issuer": "GlobalSign nv-sa"
  },
  {
    "domain": "gitlab.com",
    "status": "Live",
    "ssl_expiration": "2026-05-11",
    "ssl_issuer": "Sectigo Limited"
  },
  {
    "domain": "docker.com",
    "status": "Live",
    "ssl_expiration": "2026-01-01",
    "ssl_issuer": "Let's Encrypt"
  },
  {
    "domain": "nodejs.org",
    "status": "Live",
    "ssl_expiration": "2026-04-12",
    "ssl_issuer": "Sectigo Limited"
  },
  {
    "domain": "kubernetes.io",
    "status": "Live",
    "ssl_expiration": "2025-11-15",
    "ssl_issuer": "Let's Encrypt"
  },
  {
    "domain": "un.org",
    "status": "Live",
    "ssl_expiration": "2026-09-05",
    "ssl_issuer": "COMODO CA Limited"
  },
  {
    "domain": "npmjs.com",
    "status": "Live",
    "ssl_expiration": "2025-12-21",
    "ssl_issuer": "Google Trust Services"
  },
  {
    "domain": "who.int",
    "status": "Live",
    "ssl_expiration": "2026-01-07",
    "ssl_issuer": "Google Trust Services"
  },
  {
    "domain": "wordpress.org",
    "status": "Live",
    "ssl_expiration": "2025-12-27",
    "ssl_issuer": "Let's Encrypt"
  },
  {
    "domain": "ucla.edu",
    "status": "Live",
    "ssl_expiration": "2026-09-16",
    "ssl_issuer": "Amazon"
  },
  {
    "domain": "usa.gov",
    "status": "Live",
    "ssl_expiration": "2025-12-15",
    "ssl_issuer": "Let's Encrypt"
  },
  {
    "domain": "openssl.org",
    "status": "Live",
    "ssl_expiration": "2025-12-20",
    "ssl_issuer": "Google Trust Services"
  },
  {
    "domain": "webmd.com",
    "status": "Down",
    "ssl_expiration": "N/A",
    "ssl_issuer": "N/A"
  },
  {
    "domain": "python.org",
    "status": "Live",
    "ssl_expiration": "2026-04-13",
    "ssl_issuer": "GlobalSign nv-sa"
  },
  {
    "domain": "golang.org",
    "status": "Live",
    "ssl_expiration": "2025-12-15",
    "ssl_issuer": "Google Trust Services"
  },
  {
    "domain": "canada.ca",
    "status": "Live",
    "ssl_expiration": "N/A",
    "ssl_issuer": "N/A"
  },
  {
    "domain": "pypi.org",
    "status": "Live",
    "ssl_expiration": "2026-03-28",
    "ssl_issuer": "GlobalSign nv-sa"
  },
  {
    "domain": "espn.com",
    "status": "Live",
    "ssl_expiration": "2025-11-14",
    "ssl_issuer": "COMODO CA Limited"
  },
  {
    "domain": "rust-lang.org",
    "status": "Live",
    "ssl_expiration": "2025-12-25",
    "ssl_issuer": "Let's Encrypt"
  },
  {
    "domain": "perl.org",
    "status": "Live",
    "ssl_expiration": "2025-11-01",
    "ssl_issuer": "Certainly"
  },
  {
    "domain": "ruby-lang.org",
    "status": "Live",
    "ssl_expiration": "2025-11-11",
    "ssl_issuer": "Let's Encrypt"
  },
  {
    "domain": "nhl.com",
    "status": "Live",
    "ssl_expiration": "2025-11-20",
    "ssl_issuer": "Google Trust Services"
  },
  {
    "domain": "cdc.gov",
    "status": "Down",
    "ssl_expiration": "N/A",
    "ssl_issuer": "N/A"
  },
  {
    "domain": "nba.com",
    "status": "Live",
    "ssl_expiration": "2026-01-06",
    "ssl_issuer": "Let's Encrypt"
  },
  {
    "domain": "nfl.com",
    "status": "Live",
    "ssl_expiration": "2025-12-13",
    "ssl_issuer": "Let's Encrypt"
  },
  {
    "domain": "mlb.com",
    "status": "Live",
    "ssl_expiration": "2025-11-20",
    "ssl_issuer": "Google Trust Services"
  },
  {
    "domain": "fifa.com",
    "status": "Live",
    "ssl_expiration": "2025-12-27",
    "ssl_issuer": "Let's Encrypt"
  },
  {
    "domain": "metacritic.com",
    "status": "Live",
    "ssl_expiration": "2025-12-21",
    "ssl_issuer": "Let's Encrypt"
  },
  {
    "domain": "visa.com",
    "status": "Live",
    "ssl_expiration": "2026-10-04",
    "ssl_issuer": "CLOUDFLARE, INC."
  },
  {
    "domain": "codesandbox.io",
    "status": "Live",
    "ssl_expiration": "2026-01-05",
    "ssl_issuer": "Let's Encrypt"
  },
  {
    "domain": "rottentomatoes.com",
    "status": "Live",
    "ssl_expiration": "2026-06-02",
    "ssl_issuer": "DigiCert Inc"
  },
  {
    "domain": "repl.it",
    "status": "Live",
    "ssl_expiration": "2025-12-30",
    "ssl_issuer": "Google Trust Services"
  },
  {
    "domain": "wellsfargo.com",
    "status": "Live",
    "ssl_expiration": "2026-08-16",
    "ssl_issuer": "Wells Fargo & Company"
  },
  {
    "domain": "boxofficemojo.com",
    "status": "Live",
    "ssl_expiration": "2026-06-16",
    "ssl_issuer": "Amazon"
  },
  {
    "domain": "americanexpress.com",
    "status": "Live",
    "ssl_expiration": "2025-10-28",
    "ssl_issuer": "DigiCert Inc"
  },
  {
    "domain": "nih.gov",
    "status": "Live",
    "ssl_expiration": "2026-02-22",
    "ssl_issuer": "GoDaddy.com, Inc."
  },
  {
    "domain": "mayoclinic.org",
    "status": "Live",
    "ssl_expiration": "2026-08-18",
    "ssl_issuer": "Sectigo Limited"
  },
  {
    "domain": "github.io",
    "status": "Live",
    "ssl_expiration": "2026-03-07",
    "ssl_issuer": "Sectigo Limited"
  },
  {
    "domain": "gitpod.io",
    "status": "Live",
    "ssl_expiration": "2025-12-29",
    "ssl_issuer": "Google Trust Services"
  },
  {
    "domain": "freecodecamp.org",
    "status": "Live",
    "ssl_expiration": "2026-01-05",
    "ssl_issuer": "Google Trust Services"
  },
  {
    "domain": "codecademy.com",
    "status": "Live",
    "ssl_expiration": "2025-12-25",
    "ssl_issuer": "Google Trust Services"
  },
  {
    "domain": "hackernoon.com",
    "status": "Live",
    "ssl_expiration": "2026-01-01",
    "ssl_issuer": "Google Trust Services"
  },
  {
    "domain": "chase.com",
    "status": "Live",
    "ssl_expiration": "2026-09-11",
    "ssl_issuer": "DigiCert Inc"
  },
  {
    "domain": "dev.to",
    "status": "Live",
    "ssl_expiration": "2026-02-08",
    "ssl_issuer": "GlobalSign nv-sa"
  },
  {
    "domain": "coursera.org",
    "status": "Live",
    "ssl_expiration": "2026-05-21",
    "ssl_issuer": "Amazon"
  },
  {
    "domain": "udemy.com",
    "status": "Live",
    "ssl_expiration": "2025-12-21",
    "ssl_issuer": "Google Trust Services"
  },
  {
    "domain": "stackoverflow.blog",
    "status": "Live",
    "ssl_expiration": "2025-12-16",
    "ssl_issuer": "Let's Encrypt"
  },
  {
    "domain": "edx.org",
    "status": "Live",
    "ssl_expiration": "2026-01-06",
    "ssl_issuer": "Amazon"
  },
  {
    "domain": "sciencedaily.com",
    "status": "Live",
    "ssl_expiration": "2025-12-29",
    "ssl_issuer": "Google Trust Services"
  },
  {
    "domain": "khanacademy.org",
    "status": "Live",
    "ssl_expiration": "2026-01-09",
    "ssl_issuer": "Amazon"
  },
  {
    "domain": "mastercard.com",
    "status": "Live",
    "ssl_expiration": "2026-05-19",
    "ssl_issuer": "DigiCert Inc"
  },
  {
    "domain": "nature.com",
    "status": "Live",
    "ssl_expiration": "2025-11-28",
    "ssl_issuer": "Let's Encrypt"
  },
  {
    "domain": "angieslist.com",
    "status": "Live",
    "ssl_expiration": "2025-12-08",
    "ssl_issuer": "Google Trust Services"
  },
  {
    "domain": "investopedia.com",
    "status": "Live",
    "ssl_expiration": "2025-11-23",
    "ssl_issuer": "Let's Encrypt"
  },
  {
    "domain": "globeandmail.com",
    "status": "Live",
    "ssl_expiration": "2026-07-23",
    "ssl_issuer": "Amazon"
  },
  {
    "domain": "marketwatch.com",
    "status": "Live",
    "ssl_expiration": "2026-03-25",
    "ssl_issuer": "Amazon"
  },
  {
    "domain": "healthline.com",
    "status": "Live",
    "ssl_expiration": "2026-10-18",
    "ssl_issuer": "Amazon"
  },
  {
    "domain": "yelp.com",
    "status": "Live",
    "ssl_expiration": "2025-12-27",
    "ssl_issuer": "DigiCert Inc"
  },
  {
    "domain": "bankofamerica.com",
    "status": "Live",
    "ssl_expiration": "N/A",
    "ssl_issuer": "N/A"
  },
  {
    "domain": "seekingalpha.com",
    "status": "Live",
    "ssl_expiration": "2026-03-09",
    "ssl_issuer": "GlobalSign nv-sa"
  },
  {
    "domain": "indeed.com",
    "status": "Live",
    "ssl_expiration": "2025-12-28",
    "ssl_issuer": "Google Trust Services"
  },
  {
    "domain": "goodreads.com",
    "status": "Live",
    "ssl_expiration": "2026-09-15",
    "ssl_issuer": "Amazon"
  },
  {
    "domain": "morningstar.com",
    "status": "Live",
    "ssl_expiration": "2026-02-13",
    "ssl_issuer": "Amazon"
  },
  {
    "domain": "glassdoor.com",
    "status": "Live",
    "ssl_expiration": "2025-12-14",
    "ssl_issuer": "Let's Encrypt"
  },
  {
    "domain": "ziprecruiter.com",
    "status": "Live",
    "ssl_expiration": "2025-12-21",
    "ssl_issuer": "Google Trust Services"
  },
  {
    "domain": "unesco.org",
    "status": "Live",
    "ssl_expiration": "2026-01-05",
    "ssl_issuer": "Let's Encrypt"
  },
  {
    "domain": "archive.org",
    "status": "Live",
    "ssl_expiration": "2026-01-24",
    "ssl_issuer": "GoDaddy.com, Inc."
  },
  {
    "domain": "meetup.com",
    "status": "Live",
    "ssl_expiration": "2026-03-09",
    "ssl_issuer": "GlobalSign nv-sa"
  },
  {
    "domain": "sciencemag.org",
    "status": "Live",
    "ssl_expiration": "2026-10-24",
    "ssl_issuer": "Amazon"
  },
  {
    "domain": "adage.com",
    "status": "Down",
    "ssl_expiration": "N/A",
    "ssl_issuer": "N/A"
  },
  {
    "domain": "behance.net",
    "status": "Live",
    "ssl_expiration": "2025-12-09",
    "ssl_issuer": "Let's Encrypt"
  },
  {
    "domain": "dribbble.com",
    "status": "Live",
    "ssl_expiration": "2025-12-26",
    "ssl_issuer": "Amazon"
  },
  {
    "domain": "creativebloq.com",
    "status": "Live",
    "ssl_expiration": "2025-11-30",
    "ssl_issuer": "Let's Encrypt"
  },
  {
    "domain": "adweek.com",
    "status": "Live",
    "ssl_expiration": "2025-12-09",
    "ssl_issuer": "Let's Encrypt"
  },
  {
    "domain": "99designs.com",
    "status": "Live",
    "ssl_expiration": "2026-11-07",
    "ssl_issuer": "Amazon"
  },
  {
    "domain": "marketingland.com",
    "status": "Live",
    "ssl_expiration": "2025-12-18",
    "ssl_issuer": "Let's Encrypt"
  },
  {
    "domain": "monster.com",
    "status": "Live",
    "ssl_expiration": "2026-02-08",
    "ssl_issuer": "DigiCert Inc"
  },
  {
    "domain": "uefa.com",
    "status": "Live",
    "ssl_expiration": "N/A",
    "ssl_issuer": "N/A"
  },
  {
    "domain": "canon.com",
    "status": "Live",
    "ssl_expiration": "N/A",
    "ssl_issuer": "N/A"
  }
]