[
    {
        "username": "john_doe",
        "password": "password"
    },
    {
        "username": "james_smith",
        "password": "password"
    },
    {
        "username": "yoni",
        "password": "Aa123456"
    },
    {
        "username": "matan",
        "password": "Ab12345678"
    },
    {
        "username": "user1",
        "password": "Qw123456"
    },
    {
        "username": "test1",
        "password": "Qw123456"
    },
    {
        "username": "test2",
        "password": "Qw123456"
    },
    {
        "username": "test3",
        "password": "Qw123456"
    },
    {
        "username": "test4",
        "password": "Qw123456"
    },
    {
        "username": "test5",
        "password": "Qw123456"
    },
    {
        "username": "test6",
        "password": "Qw123456"
    },
    {
        "username": "test7",
        "password": "Qw123456"
    },
    {
        "username": "test8",
        "password": "Qw123456"
    },
    {
        "username": "test9",
        "password": "Qw123456"
    },
    {
        "username": "test10",
        "password": "Qw123456"
    },
    {
        "username": "test11",
        "password": "Qw123456"
    },
    {
        "username": "test12",
        "password": "Qw123456"
    },
    {
        "username": "ozef",
        "password": "Oe123456"
    },
    {
        "username": "test13",
        "password": "Qw123456"
    },
    {
        "username": "ozou",
        "password": "987654321Aa"
    },
    {
        "username": "test_scan_user_4db51335",
        "password": "StrongPass12"
    },
    {
        "username": "Selenium_Tester_12345",
        "password": "St87654321"
    },
    {
        "username": "test_scan_user_978ee4c2",
        "password": "StrongPass12"
    },
    {
        "username": "selsingletest",
        "password": "123456Aae"
    },
    {
        "username": "test14",
        "password": "Qwe12345"
    }
]